ema_period,atr1,atr2,Equity Final [$],Return [%],# Trades,Win Rate [%]
13,1,5,13862874.249770425,11.307619456411349,19,73.68421052631578
13,1,5,13862874.249770425,11.307619456411349,19,73.68421052631578
13,1,5,13862874.249770425,11.307619456411349,19,73.68421052631578
13,1,5,13862874.249770425,11.307619456411349,19,73.68421052631578
13,1,5,13862874.249770425,11.307619456411349,19,73.68421052631578
15,1,5,15847746.600078803,27.24453212380688,33,72.72727272727273
15,1,5,15847746.600078803,27.24453212380688,33,72.72727272727273
15,1,5,15847746.600078803,27.24453212380688,33,72.72727272727273
15,1,5,15847746.600078803,27.24453212380688,33,72.72727272727273
15,1,5,15847746.600078803,27.24453212380688,33,72.72727272727273
10,1,4,14230755.037865836,14.261403356407904,29,72.41379310344827
10,1,4,14230755.037865836,14.261403356407904,29,72.41379310344827
10,1,4,14230755.037865836,14.261403356407904,29,72.41379310344827
10,1,4,14230755.037865836,14.261403356407904,29,72.41379310344827
10,1,4,14230755.037865836,14.261403356407904,29,72.41379310344827
17,1,6,14192417.087027235,13.953580752971082,18,72.22222222222221
17,1,6,14192417.087027235,13.953580752971082,18,72.22222222222221
17,1,6,14192417.087027235,13.953580752971082,18,72.22222222222221
17,1,6,14192417.087027235,13.953580752971082,18,72.22222222222221
17,1,6,14192417.087027235,13.953580752971082,18,72.22222222222221
18,1,6,14220587.60484339,14.17976712821159,18,72.22222222222221
18,1,6,14220587.60484339,14.17976712821159,18,72.22222222222221
18,1,6,14220587.60484339,14.17976712821159,18,72.22222222222221
18,1,6,14220587.60484339,14.17976712821159,18,72.22222222222221
18,1,6,14220587.60484339,14.17976712821159,18,72.22222222222221
9,1,4,13849449.03722244,11.19982590490904,21,71.42857142857143
9,1,4,13849449.03722244,11.19982590490904,21,71.42857142857143
9,1,4,13849449.03722244,11.19982590490904,21,71.42857142857143
9,1,4,13849449.03722244,11.19982590490904,21,71.42857142857143
9,1,4,13849449.03722244,11.19982590490904,21,71.42857142857143
14,1,5,14384685.69373203,15.497341485624789,24,70.83333333333334
14,1,5,14384685.69373203,15.497341485624789,24,70.83333333333334
14,1,5,14384685.69373203,15.497341485624789,24,70.83333333333334
14,1,5,14384685.69373203,15.497341485624789,24,70.83333333333334
14,1,5,14384685.69373203,15.497341485624789,24,70.83333333333334
12,1,5,13137774.139912266,5.485654570793881,13,69.23076923076923
12,1,5,13137774.139912266,5.485654570793881,13,69.23076923076923
12,1,5,13137774.139912266,5.485654570793881,13,69.23076923076923
12,1,5,13137774.139912266,5.485654570793881,13,69.23076923076923
12,1,5,13137774.139912266,5.485654570793881,13,69.23076923076923
5,1,3,12532358.728716042,0.6246605959266477,3,66.66666666666666
5,1,3,12532358.728716042,0.6246605959266477,3,66.66666666666666
5,1,3,12532358.728716042,0.6246605959266477,3,66.66666666666666
5,1,3,12532358.728716042,0.6246605959266477,3,66.66666666666666
5,1,3,12532358.728716042,0.6246605959266477,3,66.66666666666666
11,1,5,12457117.79440456,0.020537011380255103,6,66.66666666666666
11,1,5,12457117.79440456,0.020537011380255103,6,66.66666666666666
11,1,5,12457117.79440456,0.020537011380255103,6,66.66666666666666
11,1,5,12457117.79440456,0.020537011380255103,6,66.66666666666666
11,1,5,12457117.79440456,0.020537011380255103,6,66.66666666666666
14,1,6,12468235.230541008,0.10980099289744152,6,66.66666666666666
14,1,6,12468235.230541008,0.10980099289744152,6,66.66666666666666
14,1,6,12468235.230541008,0.10980099289744152,6,66.66666666666666
14,1,6,12468235.230541008,0.10980099289744152,6,66.66666666666666
14,1,6,12468235.230541008,0.10980099289744152,6,66.66666666666666
16,1,6,13327962.107831897,7.01270946409907,15,66.66666666666666
16,1,6,13327962.107831897,7.01270946409907,15,66.66666666666666
16,1,6,13327962.107831897,7.01270946409907,15,66.66666666666666
16,1,6,13327962.107831897,7.01270946409907,15,66.66666666666666
16,1,6,13327962.107831897,7.01270946409907,15,66.66666666666666
20,1,6,13358921.597106883,7.261289014681235,26,65.38461538461539
20,1,6,13358921.597106883,7.261289014681235,26,65.38461538461539
20,1,6,13358921.597106883,7.261289014681235,26,65.38461538461539
20,1,6,13358921.597106883,7.261289014681235,26,65.38461538461539
20,1,6,13358921.597106883,7.261289014681235,26,65.38461538461539
19,1,6,13982377.390526822,12.26713260465903,23,65.21739130434783
19,1,6,13982377.390526822,12.26713260465903,23,65.21739130434783
19,1,6,13982377.390526822,12.26713260465903,23,65.21739130434783
19,1,6,13982377.390526822,12.26713260465903,23,65.21739130434783
19,1,6,13982377.390526822,12.26713260465903,23,65.21739130434783
22,1,6,13707414.697933368,10.059405534465837,37,64.86486486486487
22,1,6,13707414.697933368,10.059405534465837,37,64.86486486486487
22,1,6,13707414.697933368,10.059405534465837,37,64.86486486486487
22,1,6,13707414.697933368,10.059405534465837,37,64.86486486486487
22,1,6,13707414.697933368,10.059405534465837,37,64.86486486486487
11,1,4,14717084.348773703,18.166232679225143,43,62.7906976744186
11,1,4,14717084.348773703,18.166232679225143,43,62.7906976744186
11,1,4,14717084.348773703,18.166232679225143,43,62.7906976744186
11,1,4,14717084.348773703,18.166232679225143,43,62.7906976744186
11,1,4,14717084.348773703,18.166232679225143,43,62.7906976744186
23,1,6,13131337.643905975,5.4339747362088655,39,61.53846153846154
23,1,6,13131337.643905975,5.4339747362088655,39,61.53846153846154
23,1,6,13131337.643905975,5.4339747362088655,39,61.53846153846154
23,1,6,13131337.643905975,5.4339747362088655,39,61.53846153846154
23,1,6,13131337.643905975,5.4339747362088655,39,61.53846153846154
12,1,4,14891664.918886492,19.56797284598165,61,60.65573770491803
12,1,4,14891664.918886492,19.56797284598165,61,60.65573770491803
12,1,4,14891664.918886492,19.56797284598165,61,60.65573770491803
12,1,4,14891664.918886492,19.56797284598165,61,60.65573770491803
12,1,4,14891664.918886492,19.56797284598165,61,60.65573770491803
25,1,6,13230064.01123971,6.226667270780416,48,58.333333333333336
25,1,6,13230064.01123971,6.226667270780416,48,58.333333333333336
25,1,6,13230064.01123971,6.226667270780416,48,58.333333333333336
25,1,6,13230064.01123971,6.226667270780416,48,58.333333333333336
25,1,6,13230064.01123971,6.226667270780416,48,58.333333333333336
38,1,6,13172214.502880698,5.762182709631637,93,58.06451612903226
38,1,6,13172214.502880698,5.762182709631637,93,58.06451612903226
38,1,6,13172214.502880698,5.762182709631637,93,58.06451612903226
38,1,6,13172214.502880698,5.762182709631637,93,58.06451612903226
38,1,6,13172214.502880698,5.762182709631637,93,58.06451612903226
40,1,6,13704473.255085392,10.03578813772138,100,57.99999999999999
40,1,6,13704473.255085392,10.03578813772138,100,57.99999999999999
40,1,6,13704473.255085392,10.03578813772138,100,57.99999999999999
40,1,6,13704473.255085392,10.03578813772138,100,57.99999999999999
40,1,6,13704473.255085392,10.03578813772138,100,57.99999999999999
8,1,3,12594632.958205637,1.1246720735669231,76,57.89473684210527
8,1,3,12594632.958205637,1.1246720735669231,76,57.89473684210527
8,1,3,12594632.958205637,1.1246720735669231,76,57.89473684210527
8,1,3,12594632.958205637,1.1246720735669231,76,57.89473684210527
8,1,3,12594632.958205637,1.1246720735669231,76,57.89473684210527
37,1,6,13416297.47860474,7.721970736860552,90,57.77777777777777
37,1,6,13416297.47860474,7.721970736860552,90,57.77777777777777
37,1,6,13416297.47860474,7.721970736860552,90,57.77777777777777
37,1,6,13416297.47860474,7.721970736860552,90,57.77777777777777
37,1,6,13416297.47860474,7.721970736860552,90,57.77777777777777
39,1,6,13544752.415669972,8.753359537952141,97,57.73195876288659
39,1,6,13544752.415669972,8.753359537952141,97,57.73195876288659
39,1,6,13544752.415669972,8.753359537952141,97,57.73195876288659
39,1,6,13544752.415669972,8.753359537952141,97,57.73195876288659
39,1,6,13544752.415669972,8.753359537952141,97,57.73195876288659
30,1,6,13700195.802906292,10.001443671284186,68,57.35294117647059
30,1,6,13700195.802906292,10.001443671284186,68,57.35294117647059
30,1,6,13700195.802906292,10.001443671284186,68,57.35294117647059
30,1,6,13700195.802906292,10.001443671284186,68,57.35294117647059
30,1,6,13700195.802906292,10.001443671284186,68,57.35294117647059
36,1,6,12504819.982114902,0.4035468303569276,89,57.30337078651685
36,1,6,12504819.982114902,0.4035468303569276,89,57.30337078651685
36,1,6,12504819.982114902,0.4035468303569276,89,57.30337078651685
36,1,6,12504819.982114902,0.4035468303569276,89,57.30337078651685
36,1,6,12504819.982114902,0.4035468303569276,89,57.30337078651685
17,1,5,13037919.771825247,4.683905106444921,49,57.14285714285714
17,1,5,13037919.771825247,4.683905106444921,49,57.14285714285714
17,1,5,13037919.771825247,4.683905106444921,49,57.14285714285714
17,1,5,13037919.771825247,4.683905106444921,49,57.14285714285714
17,1,5,13037919.771825247,4.683905106444921,49,57.14285714285714
41,1,6,13249738.971893048,6.384641222917935,107,57.009345794392516
41,1,6,13249738.971893048,6.384641222917935,107,57.009345794392516
41,1,6,13249738.971893048,6.384641222917935,107,57.009345794392516
41,1,6,13249738.971893048,6.384641222917935,107,57.009345794392516
41,1,6,13249738.971893048,6.384641222917935,107,57.009345794392516
31,1,6,13345898.06688562,7.156720645977218,72,56.94444444444444
31,1,6,13345898.06688562,7.156720645977218,72,56.94444444444444
31,1,6,13345898.06688562,7.156720645977218,72,56.94444444444444
31,1,6,13345898.06688562,7.156720645977218,72,56.94444444444444
31,1,6,13345898.06688562,7.156720645977218,72,56.94444444444444
27,1,6,12859269.831735013,3.2494912043059974,51,56.86274509803921
27,1,6,12859269.831735013,3.2494912043059974,51,56.86274509803921
27,1,6,12859269.831735013,3.2494912043059974,51,56.86274509803921
27,1,6,12859269.831735013,3.2494912043059974,51,56.86274509803921
27,1,6,12859269.831735013,3.2494912043059974,51,56.86274509803921
24,1,6,12481301.049719397,0.2147089075759961,44,56.81818181818182
24,1,6,12481301.049719397,0.2147089075759961,44,56.81818181818182
24,1,6,12481301.049719397,0.2147089075759961,44,56.81818181818182
24,1,6,12481301.049719397,0.2147089075759961,44,56.81818181818182
24,1,6,12481301.049719397,0.2147089075759961,44,56.81818181818182
9,1,3,13758526.338904504,10.469790493638504,111,56.75675675675676
9,1,3,13758526.338904504,10.469790493638504,111,56.75675675675676
9,1,3,13758526.338904504,10.469790493638504,111,56.75675675675676
9,1,3,13758526.338904504,10.469790493638504,111,56.75675675675676
9,1,3,13758526.338904504,10.469790493638504,111,56.75675675675676
32,1,6,13374864.19171758,7.389295099285563,74,56.75675675675676
32,1,6,13374864.19171758,7.389295099285563,74,56.75675675675676
32,1,6,13374864.19171758,7.389295099285563,74,56.75675675675676
32,1,6,13374864.19171758,7.389295099285563,74,56.75675675675676
32,1,6,13374864.19171758,7.389295099285563,74,56.75675675675676
28,1,6,12695286.015854983,1.932834366328338,55,56.36363636363636
28,1,6,12695286.015854983,1.932834366328338,55,56.36363636363636
28,1,6,12695286.015854983,1.932834366328338,55,56.36363636363636
28,1,6,12695286.015854983,1.932834366328338,55,56.36363636363636
28,1,6,12695286.015854983,1.932834366328338,55,56.36363636363636
43,1,6,13122498.825272713,5.363006202328407,110,56.36363636363636
43,1,6,13122498.825272713,5.363006202328407,110,56.36363636363636
43,1,6,13122498.825272713,5.363006202328407,110,56.36363636363636
43,1,6,13122498.825272713,5.363006202328407,110,56.36363636363636
43,1,6,13122498.825272713,5.363006202328407,110,56.36363636363636
42,1,6,11833307.336872002,-4.988154243,109,55.96330275229357
42,1,6,11833307.336872002,-4.988154243,109,55.96330275229357
42,1,6,11833307.336872002,-4.988154243,109,55.96330275229357
42,1,6,11833307.336872002,-4.988154243,109,55.96330275229357
42,1,6,11833307.336872002,-4.988154243,109,55.96330275229357
44,1,6,12390500.115072371,-0.51434884,111,55.85585585585585
44,1,6,12390500.115072371,-0.51434884,111,55.85585585585585
44,1,6,12390500.115072371,-0.51434884,111,55.85585585585585
44,1,6,12390500.115072371,-0.51434884,111,55.85585585585585
44,1,6,12390500.115072371,-0.51434884,111,55.85585585585585
7,1,3,12510053.67831743,0.4455691595482257,43,55.81395348837209
7,1,3,12510053.67831743,0.4455691595482257,43,55.81395348837209
7,1,3,12510053.67831743,0.4455691595482257,43,55.81395348837209
7,1,3,12510053.67831743,0.4455691595482257,43,55.81395348837209
7,1,3,12510053.67831743,0.4455691595482257,43,55.81395348837209
18,1,5,12818354.944092775,2.9209778915736466,52,55.769230769230774
18,1,5,12818354.944092775,2.9209778915736466,52,55.769230769230774
18,1,5,12818354.944092775,2.9209778915736466,52,55.769230769230774
18,1,5,12818354.944092775,2.9209778915736466,52,55.769230769230774
18,1,5,12818354.944092775,2.9209778915736466,52,55.769230769230774
35,1,6,11421647.324827282,-8.29344975,85,55.294117647058826
35,1,6,11421647.324827282,-8.29344975,85,55.294117647058826
35,1,6,11421647.324827282,-8.29344975,85,55.294117647058826
35,1,6,11421647.324827282,-8.29344975,85,55.294117647058826
35,1,6,11421647.324827282,-8.29344975,85,55.294117647058826
33,1,6,11645426.016386699,-6.496688631,78,55.12820512820513
33,1,6,11645426.016386699,-6.496688631,78,55.12820512820513
33,1,6,11645426.016386699,-6.496688631,78,55.12820512820513
33,1,6,11645426.016386699,-6.496688631,78,55.12820512820513
33,1,6,11645426.016386699,-6.496688631,78,55.12820512820513
29,1,6,12505581.585355725,0.4096618857328171,62,54.83870967741935
29,1,6,12505581.585355725,0.4096618857328171,62,54.83870967741935
29,1,6,12505581.585355725,0.4096618857328171,62,54.83870967741935
29,1,6,12505581.585355725,0.4096618857328171,62,54.83870967741935
29,1,6,12505581.585355725,0.4096618857328171,62,54.83870967741935
5,1,2,11994992.172493521,-3.689956349,140,54.285714285714285
5,1,2,11994992.172493521,-3.689956349,140,54.285714285714285
5,1,2,11994992.172493521,-3.689956349,140,54.285714285714285
5,1,2,11994992.172493521,-3.689956349,140,54.285714285714285
5,1,2,11994992.172493521,-3.689956349,140,54.285714285714285
21,1,5,12921883.906756444,3.752231365511458,70,54.285714285714285
21,1,5,12921883.906756444,3.752231365511458,70,54.285714285714285
21,1,5,12921883.906756444,3.752231365511458,70,54.285714285714285
21,1,5,12921883.906756444,3.752231365511458,70,54.285714285714285
21,1,5,12921883.906756444,3.752231365511458,70,54.285714285714285
34,1,6,10731585.167568136,-13.83408834,83,54.21686746987952
34,1,6,10731585.167568136,-13.83408834,83,54.21686746987952
34,1,6,10731585.167568136,-13.83408834,83,54.21686746987952
34,1,6,10731585.167568136,-13.83408834,83,54.21686746987952
34,1,6,10731585.167568136,-13.83408834,83,54.21686746987952
38,1,4,12949985.617103513,3.9778652726673065,267,53.93258426966292
38,1,4,12949985.617103513,3.9778652726673065,267,53.93258426966292
38,1,4,12949985.617103513,3.9778652726673065,267,53.93258426966292
38,1,4,12949985.617103513,3.9778652726673065,267,53.93258426966292
38,1,4,12949985.617103513,3.9778652726673065,267,53.93258426966292
45,1,6,10464249.473315168,-15.98057681,115,53.91304347826087
45,1,6,10464249.473315168,-15.98057681,115,53.91304347826087
45,1,6,10464249.473315168,-15.98057681,115,53.91304347826087
45,1,6,10464249.473315168,-15.98057681,115,53.91304347826087
45,1,6,10464249.473315168,-15.98057681,115,53.91304347826087
23,1,5,12804853.852812164,2.812575095484413,86,53.48837209302325
23,1,5,12804853.852812164,2.812575095484413,86,53.48837209302325
23,1,5,12804853.852812164,2.812575095484413,86,53.48837209302325
23,1,5,12804853.852812164,2.812575095484413,86,53.48837209302325
23,1,5,12804853.852812164,2.812575095484413,86,53.48837209302325
47,1,5,10697513.28365497,-14.10765789,191,53.403141361256544
47,1,5,10697513.28365497,-14.10765789,191,53.403141361256544
47,1,5,10697513.28365497,-14.10765789,191,53.403141361256544
47,1,5,10697513.28365497,-14.10765789,191,53.403141361256544
47,1,5,10697513.28365497,-14.10765789,191,53.403141361256544
15,1,4,12024004.645214157,-3.45700976,103,53.398058252427184
15,1,4,12024004.645214157,-3.45700976,103,53.398058252427184
15,1,4,12024004.645214157,-3.45700976,103,53.398058252427184
15,1,4,12024004.645214157,-3.45700976,103,53.398058252427184
15,1,4,12024004.645214157,-3.45700976,103,53.398058252427184
37,1,4,12541704.94348966,0.6997031086578698,270,53.333333333333336
37,1,4,12541704.94348966,0.6997031086578698,270,53.333333333333336
37,1,4,12541704.94348966,0.6997031086578698,270,53.333333333333336
37,1,4,12541704.94348966,0.6997031086578698,270,53.333333333333336
37,1,4,12541704.94348966,0.6997031086578698,270,53.333333333333336
14,1,4,12077247.819638431,-3.029510319,92,53.2608695652174
14,1,4,12077247.819638431,-3.029510319,92,53.2608695652174
14,1,4,12077247.819638431,-3.029510319,92,53.2608695652174
14,1,4,12077247.819638431,-3.029510319,92,53.2608695652174
14,1,4,12077247.819638431,-3.029510319,92,53.2608695652174
13,1,4,12522921.71758304,0.5488890621831665,77,53.246753246753244
13,1,4,12522921.71758304,0.5488890621831665,77,53.246753246753244
13,1,4,12522921.71758304,0.5488890621831665,77,53.246753246753244
13,1,4,12522921.71758304,0.5488890621831665,77,53.246753246753244
13,1,4,12522921.71758304,0.5488890621831665,77,53.246753246753244
41,1,5,11089488.736951336,-10.9604134,173,53.179190751445084
41,1,5,11089488.736951336,-10.9604134,173,53.179190751445084
41,1,5,11089488.736951336,-10.9604134,173,53.179190751445084
41,1,5,11089488.736951336,-10.9604134,173,53.179190751445084
41,1,5,11089488.736951336,-10.9604134,173,53.179190751445084
38,1,5,11980636.164378388,-3.805223433,162,53.086419753086425
38,1,5,11980636.164378388,-3.805223433,162,53.086419753086425
38,1,5,11980636.164378388,-3.805223433,162,53.086419753086425
38,1,5,11980636.164378388,-3.805223433,162,53.086419753086425
38,1,5,11980636.164378388,-3.805223433,162,53.086419753086425
20,1,5,12159779.985829022,-2.366844065,66,53.03030303030303
20,1,5,12159779.985829022,-2.366844065,66,53.03030303030303
20,1,5,12159779.985829022,-2.366844065,66,53.03030303030303
20,1,5,12159779.985829022,-2.366844065,66,53.03030303030303
20,1,5,12159779.985829022,-2.366844065,66,53.03030303030303
44,1,5,11604108.170215132,-6.828437374,183,53.00546448087432
44,1,5,11604108.170215132,-6.828437374,183,53.00546448087432
44,1,5,11604108.170215132,-6.828437374,183,53.00546448087432
44,1,5,11604108.170215132,-6.828437374,183,53.00546448087432
44,1,5,11604108.170215132,-6.828437374,183,53.00546448087432
43,1,4,12257843.222071415,-1.579475934,291,52.92096219931272
43,1,4,12257843.222071415,-1.579475934,291,52.92096219931272
43,1,4,12257843.222071415,-1.579475934,291,52.92096219931272
43,1,4,12257843.222071415,-1.579475934,291,52.92096219931272
43,1,4,12257843.222071415,-1.579475934,291,52.92096219931272
46,1,5,10623727.73257373,-14.70009593,189,52.910052910052904
46,1,5,10623727.73257373,-14.70009593,189,52.910052910052904
46,1,5,10623727.73257373,-14.70009593,189,52.910052910052904
46,1,5,10623727.73257373,-14.70009593,189,52.910052910052904
46,1,5,10623727.73257373,-14.70009593,189,52.910052910052904
42,1,5,11678161.479515895,-6.233849453,172,52.90697674418605
42,1,5,11678161.479515895,-6.233849453,172,52.90697674418605
42,1,5,11678161.479515895,-6.233849453,172,52.90697674418605
42,1,5,11678161.479515895,-6.233849453,172,52.90697674418605
42,1,5,11678161.479515895,-6.233849453,172,52.90697674418605
44,1,4,12303552.43011459,-1.212468123,295,52.88135593220339
44,1,4,12303552.43011459,-1.212468123,295,52.88135593220339
44,1,4,12303552.43011459,-1.212468123,295,52.88135593220339
44,1,4,12303552.43011459,-1.212468123,295,52.88135593220339
44,1,4,12303552.43011459,-1.212468123,295,52.88135593220339
39,1,4,12326546.735964365,-1.027842525,278,52.87769784172662
39,1,4,12326546.735964365,-1.027842525,278,52.87769784172662
39,1,4,12326546.735964365,-1.027842525,278,52.87769784172662
39,1,4,12326546.735964365,-1.027842525,278,52.87769784172662
39,1,4,12326546.735964365,-1.027842525,278,52.87769784172662
10,1,3,11769735.184261424,-5.498586989,140,52.85714285714286
10,1,3,11769735.184261424,-5.498586989,140,52.85714285714286
10,1,3,11769735.184261424,-5.498586989,140,52.85714285714286
10,1,3,11769735.184261424,-5.498586989,140,52.85714285714286
10,1,3,11769735.184261424,-5.498586989,140,52.85714285714286
31,1,5,11262508.023429716,-9.571209072,123,52.84552845528455
31,1,5,11262508.023429716,-9.571209072,123,52.84552845528455
31,1,5,11262508.023429716,-9.571209072,123,52.84552845528455
31,1,5,11262508.023429716,-9.571209072,123,52.84552845528455
31,1,5,11262508.023429716,-9.571209072,123,52.84552845528455
6,1,2,11927353.95498936,-4.233036294,250,52.800000000000004
6,1,2,11927353.95498936,-4.233036294,250,52.800000000000004
6,1,2,11927353.95498936,-4.233036294,250,52.800000000000004
6,1,2,11927353.95498936,-4.233036294,250,52.800000000000004
6,1,2,11927353.95498936,-4.233036294,250,52.800000000000004
41,1,4,12936256.114266763,3.8676285173202625,286,52.7972027972028
41,1,4,12936256.114266763,3.8676285173202625,286,52.7972027972028
41,1,4,12936256.114266763,3.8676285173202625,286,52.7972027972028
41,1,4,12936256.114266763,3.8676285173202625,286,52.7972027972028
41,1,4,12936256.114266763,3.8676285173202625,286,52.7972027972028
50,1,6,9596985.611124294,-22.94400114,127,52.75590551181102
50,1,6,9596985.611124294,-22.94400114,127,52.75590551181102
50,1,6,9596985.611124294,-22.94400114,127,52.75590551181102
50,1,6,9596985.611124294,-22.94400114,127,52.75590551181102
50,1,6,9596985.611124294,-22.94400114,127,52.75590551181102
9,1,2,11838459.782225713,-4.946784292,531,52.730696798493405
9,1,2,11838459.782225713,-4.946784292,531,52.730696798493405
9,1,2,11838459.782225713,-4.946784292,531,52.730696798493405
9,1,2,11838459.782225713,-4.946784292,531,52.730696798493405
9,1,2,11838459.782225713,-4.946784292,531,52.730696798493405
11,1,3,11795290.996905256,-5.293394573,171,52.63157894736842
11,1,3,11795290.996905256,-5.293394573,171,52.63157894736842
11,1,3,11795290.996905256,-5.293394573,171,52.63157894736842
11,1,3,11795290.996905256,-5.293394573,171,52.63157894736842
11,1,3,11795290.996905256,-5.293394573,171,52.63157894736842
27,1,5,12254660.065927787,-1.605034093,114,52.63157894736842
27,1,5,12254660.065927787,-1.605034093,114,52.63157894736842
27,1,5,12254660.065927787,-1.605034093,114,52.63157894736842
27,1,5,12254660.065927787,-1.605034093,114,52.63157894736842
27,1,5,12254660.065927787,-1.605034093,114,52.63157894736842
46,1,4,11049842.13490892,-11.27874341,304,52.63157894736842
46,1,4,11049842.13490892,-11.27874341,304,52.63157894736842
46,1,4,11049842.13490892,-11.27874341,304,52.63157894736842
46,1,4,11049842.13490892,-11.27874341,304,52.63157894736842
46,1,4,11049842.13490892,-11.27874341,304,52.63157894736842
28,1,5,11158611.226780169,-10.40541595,116,52.58620689655172
28,1,5,11158611.226780169,-10.40541595,116,52.58620689655172
28,1,5,11158611.226780169,-10.40541595,116,52.58620689655172
28,1,5,11158611.226780169,-10.40541595,116,52.58620689655172
28,1,5,11158611.226780169,-10.40541595,116,52.58620689655172
10,1,2,11397961.020356677,-8.483631535,590,52.54237288135594
10,1,2,11397961.020356677,-8.483631535,590,52.54237288135594
10,1,2,11397961.020356677,-8.483631535,590,52.54237288135594
10,1,2,11397961.020356677,-8.483631535,590,52.54237288135594
10,1,2,11397961.020356677,-8.483631535,590,52.54237288135594
21,1,4,12086822.730683176,-2.952631561,158,52.53164556962025
21,1,4,12086822.730683176,-2.952631561,158,52.53164556962025
21,1,4,12086822.730683176,-2.952631561,158,52.53164556962025
21,1,4,12086822.730683176,-2.952631561,158,52.53164556962025
21,1,4,12086822.730683176,-2.952631561,158,52.53164556962025
40,1,4,12516577.395510199,0.49794930941115984,282,52.4822695035461
40,1,4,12516577.395510199,0.49794930941115984,282,52.4822695035461
40,1,4,12516577.395510199,0.49794930941115984,282,52.4822695035461
40,1,4,12516577.395510199,0.49794930941115984,282,52.4822695035461
40,1,4,12516577.395510199,0.49794930941115984,282,52.4822695035461
30,1,5,11018252.664171305,-11.5323812,122,52.459016393442624
30,1,5,11018252.664171305,-11.5323812,122,52.459016393442624
30,1,5,11018252.664171305,-11.5323812,122,52.459016393442624
30,1,5,11018252.664171305,-11.5323812,122,52.459016393442624
30,1,5,11018252.664171305,-11.5323812,122,52.459016393442624
30,1,3,11244683.65740839,-9.714324252,469,52.45202558635395
30,1,3,11244683.65740839,-9.714324252,469,52.45202558635395
30,1,3,11244683.65740839,-9.714324252,469,52.45202558635395
30,1,3,11244683.65740839,-9.714324252,469,52.45202558635395
30,1,3,11244683.65740839,-9.714324252,469,52.45202558635395
39,1,5,10974564.082379814,-11.88316502,166,52.40963855421686
39,1,5,10974564.082379814,-11.88316502,166,52.40963855421686
39,1,5,10974564.082379814,-11.88316502,166,52.40963855421686
39,1,5,10974564.082379814,-11.88316502,166,52.40963855421686
39,1,5,10974564.082379814,-11.88316502,166,52.40963855421686
25,1,5,12443772.475633806,-0.086615058,105,52.38095238095239
25,1,5,12443772.475633806,-0.086615058,105,52.38095238095239
25,1,5,12443772.475633806,-0.086615058,105,52.38095238095239
25,1,5,12443772.475633806,-0.086615058,105,52.38095238095239
25,1,5,12443772.475633806,-0.086615058,105,52.38095238095239
32,1,5,11152508.391134322,-10.45441677,126,52.38095238095239
32,1,5,11152508.391134322,-10.45441677,126,52.38095238095239
32,1,5,11152508.391134322,-10.45441677,126,52.38095238095239
32,1,5,11152508.391134322,-10.45441677,126,52.38095238095239
32,1,5,11152508.391134322,-10.45441677,126,52.38095238095239
43,1,5,11436273.045924244,-8.17601709,178,52.24719101123596
43,1,5,11436273.045924244,-8.17601709,178,52.24719101123596
43,1,5,11436273.045924244,-8.17601709,178,52.24719101123596
43,1,5,11436273.045924244,-8.17601709,178,52.24719101123596
43,1,5,11436273.045924244,-8.17601709,178,52.24719101123596
37,1,2,12735752.545810942,2.2577477310394074,737,52.23880597014925
37,1,2,12735752.545810942,2.2577477310394074,737,52.23880597014925
37,1,2,12735752.545810942,2.2577477310394074,737,52.23880597014925
37,1,2,12735752.545810942,2.2577477310394074,737,52.23880597014925
37,1,2,12735752.545810942,2.2577477310394074,737,52.23880597014925
20,1,4,12289437.51662697,-1.325799413,157,52.22929936305732
20,1,4,12289437.51662697,-1.325799413,157,52.22929936305732
20,1,4,12289437.51662697,-1.325799413,157,52.22929936305732
20,1,4,12289437.51662697,-1.325799413,157,52.22929936305732
20,1,4,12289437.51662697,-1.325799413,157,52.22929936305732
45,1,5,10678876.294053202,-14.25729778,182,52.197802197802204
45,1,5,10678876.294053202,-14.25729778,182,52.197802197802204
45,1,5,10678876.294053202,-14.25729778,182,52.197802197802204
45,1,5,10678876.294053202,-14.25729778,182,52.197802197802204
45,1,5,10678876.294053202,-14.25729778,182,52.197802197802204
37,1,5,10993086.425086817,-11.73444566,161,52.17391304347826
37,1,5,10993086.425086817,-11.73444566,161,52.17391304347826
37,1,5,10993086.425086817,-11.73444566,161,52.17391304347826
37,1,5,10993086.425086817,-11.73444566,161,52.17391304347826
37,1,5,10993086.425086817,-11.73444566,161,52.17391304347826
46,1,6,10286120.893384797,-17.41080461,117,52.13675213675214
46,1,6,10286120.893384797,-17.41080461,117,52.13675213675214
46,1,6,10286120.893384797,-17.41080461,117,52.13675213675214
46,1,6,10286120.893384797,-17.41080461,117,52.13675213675214
46,1,6,10286120.893384797,-17.41080461,117,52.13675213675214
8,1,2,9837998.906904653,-21.00886015,470,52.12765957446809
8,1,2,9837998.906904653,-21.00886015,470,52.12765957446809
8,1,2,9837998.906904653,-21.00886015,470,52.12765957446809
8,1,2,9837998.906904653,-21.00886015,470,52.12765957446809
8,1,2,9837998.906904653,-21.00886015,470,52.12765957446809
47,1,6,10153941.682274926,-18.47209631,119,52.10084033613446
47,1,6,10153941.682274926,-18.47209631,119,52.10084033613446
47,1,6,10153941.682274926,-18.47209631,119,52.10084033613446
47,1,6,10153941.682274926,-18.47209631,119,52.10084033613446
47,1,6,10153941.682274926,-18.47209631,119,52.10084033613446
29,1,5,10795157.413637523,-13.32365484,121,52.066115702479344
29,1,5,10795157.413637523,-13.32365484,121,52.066115702479344
29,1,5,10795157.413637523,-13.32365484,121,52.066115702479344
29,1,5,10795157.413637523,-13.32365484,121,52.066115702479344
29,1,5,10795157.413637523,-13.32365484,121,52.066115702479344
48,1,6,9720114.345177578,-21.95537743,121,52.066115702479344
48,1,6,9720114.345177578,-21.95537743,121,52.066115702479344
48,1,6,9720114.345177578,-21.95537743,121,52.066115702479344
48,1,6,9720114.345177578,-21.95537743,121,52.066115702479344
48,1,6,9720114.345177578,-21.95537743,121,52.066115702479344
49,1,6,9613291.050785903,-22.81308171,121,52.066115702479344
49,1,6,9613291.050785903,-22.81308171,121,52.066115702479344
49,1,6,9613291.050785903,-22.81308171,121,52.066115702479344
49,1,6,9613291.050785903,-22.81308171,121,52.066115702479344
49,1,6,9613291.050785903,-22.81308171,121,52.066115702479344
36,1,4,11875289.813620266,-4.651069057,267,52.05992509363296
36,1,4,11875289.813620266,-4.651069057,267,52.05992509363296
36,1,4,11875289.813620266,-4.651069057,267,52.05992509363296
36,1,4,11875289.813620266,-4.651069057,267,52.05992509363296
36,1,4,11875289.813620266,-4.651069057,267,52.05992509363296
24,1,5,12117261.891757524,-2.708229823,98,52.04081632653062
24,1,5,12117261.891757524,-2.708229823,98,52.04081632653062
24,1,5,12117261.891757524,-2.708229823,98,52.04081632653062
24,1,5,12117261.891757524,-2.708229823,98,52.04081632653062
24,1,5,12117261.891757524,-2.708229823,98,52.04081632653062
36,1,5,11391322.770607691,-8.536931288,152,51.973684210526315
36,1,5,11391322.770607691,-8.536931288,152,51.973684210526315
36,1,5,11391322.770607691,-8.536931288,152,51.973684210526315
36,1,5,11391322.770607691,-8.536931288,152,51.973684210526315
36,1,5,11391322.770607691,-8.536931288,152,51.973684210526315
45,1,4,11038255.269299679,-11.37177653,293,51.877133105802045
45,1,4,11038255.269299679,-11.37177653,293,51.877133105802045
45,1,4,11038255.269299679,-11.37177653,293,51.877133105802045
45,1,4,11038255.269299679,-11.37177653,293,51.877133105802045
45,1,4,11038255.269299679,-11.37177653,293,51.877133105802045
29,1,3,12400259.086549796,-0.435992227,457,51.85995623632385
29,1,3,12400259.086549796,-0.435992227,457,51.85995623632385
29,1,3,12400259.086549796,-0.435992227,457,51.85995623632385
29,1,3,12400259.086549796,-0.435992227,457,51.85995623632385
29,1,3,12400259.086549796,-0.435992227,457,51.85995623632385
26,1,5,12043200.389825936,-3.302883524,108,51.85185185185185
26,1,5,12043200.389825936,-3.302883524,108,51.85185185185185
26,1,5,12043200.389825936,-3.302883524,108,51.85185185185185
26,1,5,12043200.389825936,-3.302883524,108,51.85185185185185
26,1,5,12043200.389825936,-3.302883524,108,51.85185185185185
48,1,5,9822464.43587675,-21.13358934,189,51.85185185185185
48,1,5,9822464.43587675,-21.13358934,189,51.85185185185185
48,1,5,9822464.43587675,-21.13358934,189,51.85185185185185
48,1,5,9822464.43587675,-21.13358934,189,51.85185185185185
48,1,5,9822464.43587675,-21.13358934,189,51.85185185185185
38,1,2,12413558.59059484,-0.329208012,747,51.80722891566265
38,1,2,12413558.59059484,-0.329208012,747,51.80722891566265
38,1,2,12413558.59059484,-0.329208012,747,51.80722891566265
38,1,2,12413558.59059484,-0.329208012,747,51.80722891566265
38,1,2,12413558.59059484,-0.329208012,747,51.80722891566265
40,1,5,10809923.226135347,-13.20509736,168,51.78571428571429
40,1,5,10809923.226135347,-13.20509736,168,51.78571428571429
40,1,5,10809923.226135347,-13.20509736,168,51.78571428571429
40,1,5,10809923.226135347,-13.20509736,168,51.78571428571429
40,1,5,10809923.226135347,-13.20509736,168,51.78571428571429
50,1,5,10232391.850138417,-17.84220518,199,51.75879396984925
50,1,5,10232391.850138417,-17.84220518,199,51.75879396984925
50,1,5,10232391.850138417,-17.84220518,199,51.75879396984925
50,1,5,10232391.850138417,-17.84220518,199,51.75879396984925
50,1,5,10232391.850138417,-17.84220518,199,51.75879396984925
50,1,4,9912168.15142062,-20.41334137,313,51.75718849840255
50,1,4,9912168.15142062,-20.41334137,313,51.75718849840255
50,1,4,9912168.15142062,-20.41334137,313,51.75718849840255
50,1,4,9912168.15142062,-20.41334137,313,51.75718849840255
50,1,4,9912168.15142062,-20.41334137,313,51.75718849840255
16,1,4,11253161.193298753,-9.646256525,118,51.69491525423729
16,1,4,11253161.193298753,-9.646256525,118,51.69491525423729
16,1,4,11253161.193298753,-9.646256525,118,51.69491525423729
16,1,4,11253161.193298753,-9.646256525,118,51.69491525423729
16,1,4,11253161.193298753,-9.646256525,118,51.69491525423729
28,1,3,12485874.052048454,0.2514264016428847,451,51.66297117516629
28,1,3,12485874.052048454,0.2514264016428847,451,51.66297117516629
28,1,3,12485874.052048454,0.2514264016428847,451,51.66297117516629
28,1,3,12485874.052048454,0.2514264016428847,451,51.66297117516629
28,1,3,12485874.052048454,0.2514264016428847,451,51.66297117516629
11,1,2,11795098.11023277,-5.294943296,633,51.65876777251185
11,1,2,11795098.11023277,-5.294943296,633,51.65876777251185
11,1,2,11795098.11023277,-5.294943296,633,51.65876777251185
11,1,2,11795098.11023277,-5.294943296,633,51.65876777251185
11,1,2,11795098.11023277,-5.294943296,633,51.65876777251185
47,1,4,10951536.128383242,-12.06806079,302,51.65562913907284
47,1,4,10951536.128383242,-12.06806079,302,51.65562913907284
47,1,4,10951536.128383242,-12.06806079,302,51.65562913907284
47,1,4,10951536.128383242,-12.06806079,302,51.65562913907284
47,1,4,10951536.128383242,-12.06806079,302,51.65562913907284
36,1,2,11839158.026563553,-4.941177958,734,51.63487738419619
36,1,2,11839158.026563553,-4.941177958,734,51.63487738419619
36,1,2,11839158.026563553,-4.941177958,734,51.63487738419619
36,1,2,11839158.026563553,-4.941177958,734,51.63487738419619
36,1,2,11839158.026563553,-4.941177958,734,51.63487738419619
31,1,3,10772095.29882941,-13.50882489,467,51.605995717344754
31,1,3,10772095.29882941,-13.50882489,467,51.605995717344754
31,1,3,10772095.29882941,-13.50882489,467,51.605995717344754
31,1,3,10772095.29882941,-13.50882489,467,51.605995717344754
31,1,3,10772095.29882941,-13.50882489,467,51.605995717344754
37,1,3,10760802.647065496,-13.59949571,471,51.59235668789809
37,1,3,10760802.647065496,-13.59949571,471,51.59235668789809
37,1,3,10760802.647065496,-13.59949571,471,51.59235668789809
37,1,3,10760802.647065496,-13.59949571,471,51.59235668789809
37,1,3,10760802.647065496,-13.59949571,471,51.59235668789809
27,1,3,12239109.988921082,-1.72988858,440,51.590909090909086
27,1,3,12239109.988921082,-1.72988858,440,51.590909090909086
27,1,3,12239109.988921082,-1.72988858,440,51.590909090909086
27,1,3,12239109.988921082,-1.72988858,440,51.590909090909086
27,1,3,12239109.988921082,-1.72988858,440,51.590909090909086
36,1,3,11028763.37944799,-11.44798869,460,51.52173913043478
36,1,3,11028763.37944799,-11.44798869,460,51.52173913043478
36,1,3,11028763.37944799,-11.44798869,460,51.52173913043478
36,1,3,11028763.37944799,-11.44798869,460,51.52173913043478
36,1,3,11028763.37944799,-11.44798869,460,51.52173913043478
40,1,2,11180031.13805164,-10.23343147,745,51.2751677852349
40,1,2,11180031.13805164,-10.23343147,745,51.2751677852349
40,1,2,11180031.13805164,-10.23343147,745,51.2751677852349
40,1,2,11180031.13805164,-10.23343147,745,51.2751677852349
40,1,2,11180031.13805164,-10.23343147,745,51.2751677852349
49,1,5,9712351.902168903,-22.01770354,197,51.26903553299492
49,1,5,9712351.902168903,-22.01770354,197,51.26903553299492
49,1,5,9712351.902168903,-22.01770354,197,51.26903553299492
49,1,5,9712351.902168903,-22.01770354,197,51.26903553299492
49,1,5,9712351.902168903,-22.01770354,197,51.26903553299492
38,1,3,10577909.396552846,-15.06797995,469,51.1727078891258
38,1,3,10577909.396552846,-15.06797995,469,51.1727078891258
38,1,3,10577909.396552846,-15.06797995,469,51.1727078891258
38,1,3,10577909.396552846,-15.06797995,469,51.1727078891258
38,1,3,10577909.396552846,-15.06797995,469,51.1727078891258
42,1,2,11879724.87859972,-4.615459088,740,51.08108108108108
42,1,2,11879724.87859972,-4.615459088,740,51.08108108108108
42,1,2,11879724.87859972,-4.615459088,740,51.08108108108108
42,1,2,11879724.87859972,-4.615459088,740,51.08108108108108
42,1,2,11879724.87859972,-4.615459088,740,51.08108108108108
39,1,2,10942233.007698264,-12.14275729,744,51.075268817204304
39,1,2,10942233.007698264,-12.14275729,744,51.075268817204304
39,1,2,10942233.007698264,-12.14275729,744,51.075268817204304
39,1,2,10942233.007698264,-12.14275729,744,51.075268817204304
39,1,2,10942233.007698264,-12.14275729,744,51.075268817204304
7,1,2,10184040.026920667,-18.23043105,378,51.05820105820106
7,1,2,10184040.026920667,-18.23043105,378,51.05820105820106
7,1,2,10184040.026920667,-18.23043105,378,51.05820105820106
7,1,2,10184040.026920667,-18.23043105,378,51.05820105820106
7,1,2,10184040.026920667,-18.23043105,378,51.05820105820106
43,1,2,10956957.772629764,-12.02452939,739,51.0148849797023
43,1,2,10956957.772629764,-12.02452939,739,51.0148849797023
43,1,2,10956957.772629764,-12.02452939,739,51.0148849797023
43,1,2,10956957.772629764,-12.02452939,739,51.0148849797023
43,1,2,10956957.772629764,-12.02452939,739,51.0148849797023
35,1,3,9400157.760222545,-24.5243689,457,50.984682713347915
35,1,3,9400157.760222545,-24.5243689,457,50.984682713347915
35,1,3,9400157.760222545,-24.5243689,457,50.984682713347915
35,1,3,9400157.760222545,-24.5243689,457,50.984682713347915
35,1,3,9400157.760222545,-24.5243689,457,50.984682713347915
34,1,3,10525588.855943685,-15.48807139,459,50.98039215686274
34,1,3,10525588.855943685,-15.48807139,459,50.98039215686274
34,1,3,10525588.855943685,-15.48807139,459,50.98039215686274
34,1,3,10525588.855943685,-15.48807139,459,50.98039215686274
34,1,3,10525588.855943685,-15.48807139,459,50.98039215686274
34,1,4,10780952.830625692,-13.4377061,259,50.965250965250966
34,1,4,10780952.830625692,-13.4377061,259,50.965250965250966
34,1,4,10780952.830625692,-13.4377061,259,50.965250965250966
34,1,4,10780952.830625692,-13.4377061,259,50.965250965250966
34,1,4,10780952.830625692,-13.4377061,259,50.965250965250966
49,1,4,9472667.619372813,-23.94217363,314,50.955414012738856
49,1,4,9472667.619372813,-23.94217363,314,50.955414012738856
49,1,4,9472667.619372813,-23.94217363,314,50.955414012738856
49,1,4,9472667.619372813,-23.94217363,314,50.955414012738856
49,1,4,9472667.619372813,-23.94217363,314,50.955414012738856
14,1,3,10667497.924701963,-14.34865684,263,50.950570342205324
14,1,3,10667497.924701963,-14.34865684,263,50.950570342205324
14,1,3,10667497.924701963,-14.34865684,263,50.950570342205324
14,1,3,10667497.924701963,-14.34865684,263,50.950570342205324
14,1,3,10667497.924701963,-14.34865684,263,50.950570342205324
41,1,2,11404455.103437606,-8.431489322,746,50.93833780160858
41,1,2,11404455.103437606,-8.431489322,746,50.93833780160858
41,1,2,11404455.103437606,-8.431489322,746,50.93833780160858
41,1,2,11404455.103437606,-8.431489322,746,50.93833780160858
41,1,2,11404455.103437606,-8.431489322,746,50.93833780160858
15,1,2,10738509.545500983,-13.77849121,733,50.886766712141885
15,1,2,10738509.545500983,-13.77849121,733,50.886766712141885
15,1,2,10738509.545500983,-13.77849121,733,50.886766712141885
15,1,2,10738509.545500983,-13.77849121,733,50.886766712141885
15,1,2,10738509.545500983,-13.77849121,733,50.886766712141885
33,1,3,9870327.32189955,-20.74928924,466,50.858369098712444
33,1,3,9870327.32189955,-20.74928924,466,50.858369098712444
33,1,3,9870327.32189955,-20.74928924,466,50.858369098712444
33,1,3,9870327.32189955,-20.74928924,466,50.858369098712444
33,1,3,9870327.32189955,-20.74928924,466,50.858369098712444
19,1,5,11614775.891580267,-6.742784237,59,50.847457627118644
19,1,5,11614775.891580267,-6.742784237,59,50.847457627118644
19,1,5,11614775.891580267,-6.742784237,59,50.847457627118644
19,1,5,11614775.891580267,-6.742784237,59,50.847457627118644
19,1,5,11614775.891580267,-6.742784237,59,50.847457627118644
48,1,4,9755798.671900954,-21.66886127,303,50.82508250825083
48,1,4,9755798.671900954,-21.66886127,303,50.82508250825083
48,1,4,9755798.671900954,-21.66886127,303,50.82508250825083
48,1,4,9755798.671900954,-21.66886127,303,50.82508250825083
48,1,4,9755798.671900954,-21.66886127,303,50.82508250825083
12,1,2,11474288.839239702,-7.87078115,683,50.805270863836014
12,1,2,11474288.839239702,-7.87078115,683,50.805270863836014
12,1,2,11474288.839239702,-7.87078115,683,50.805270863836014
12,1,2,11474288.839239702,-7.87078115,683,50.805270863836014
12,1,2,11474288.839239702,-7.87078115,683,50.805270863836014
33,1,5,10417668.929347016,-16.35458074,134,50.74626865671642
33,1,5,10417668.929347016,-16.35458074,134,50.74626865671642
33,1,5,10417668.929347016,-16.35458074,134,50.74626865671642
33,1,5,10417668.929347016,-16.35458074,134,50.74626865671642
33,1,5,10417668.929347016,-16.35458074,134,50.74626865671642
43,1,3,9291717.84108237,-25.39505337,479,50.73068893528184
43,1,3,9291717.84108237,-25.39505337,479,50.73068893528184
43,1,3,9291717.84108237,-25.39505337,479,50.73068893528184
43,1,3,9291717.84108237,-25.39505337,479,50.73068893528184
43,1,3,9291717.84108237,-25.39505337,479,50.73068893528184
21,1,2,11591509.117597347,-6.929597532,765,50.71895424836601
21,1,2,11591509.117597347,-6.929597532,765,50.71895424836601
21,1,2,11591509.117597347,-6.929597532,765,50.71895424836601
21,1,2,11591509.117597347,-6.929597532,765,50.71895424836601
21,1,2,11591509.117597347,-6.929597532,765,50.71895424836601
45,1,2,9420514.547017016,-24.36092044,718,50.69637883008357
45,1,2,9420514.547017016,-24.36092044,718,50.69637883008357
45,1,2,9420514.547017016,-24.36092044,718,50.69637883008357
45,1,2,9420514.547017016,-24.36092044,718,50.69637883008357
45,1,2,9420514.547017016,-24.36092044,718,50.69637883008357
19,1,4,11640490.88344922,-6.53631374,144,50.69444444444444
19,1,4,11640490.88344922,-6.53631374,144,50.69444444444444
19,1,4,11640490.88344922,-6.53631374,144,50.69444444444444
19,1,4,11640490.88344922,-6.53631374,144,50.69444444444444
19,1,4,11640490.88344922,-6.53631374,144,50.69444444444444
26,1,3,11246946.82237501,-9.696152876,432,50.69444444444444
26,1,3,11246946.82237501,-9.696152876,432,50.69444444444444
26,1,3,11246946.82237501,-9.696152876,432,50.69444444444444
26,1,3,11246946.82237501,-9.696152876,432,50.69444444444444
26,1,3,11246946.82237501,-9.696152876,432,50.69444444444444
28,1,2,10998439.587765725,-11.69146411,776,50.644329896907216
28,1,2,10998439.587765725,-11.69146411,776,50.644329896907216
28,1,2,10998439.587765725,-11.69146411,776,50.644329896907216
28,1,2,10998439.587765725,-11.69146411,776,50.644329896907216
28,1,2,10998439.587765725,-11.69146411,776,50.644329896907216
39,1,3,10135498.348252134,-18.6201813,470,50.638297872340424
39,1,3,10135498.348252134,-18.6201813,470,50.638297872340424
39,1,3,10135498.348252134,-18.6201813,470,50.638297872340424
39,1,3,10135498.348252134,-18.6201813,470,50.638297872340424
39,1,3,10135498.348252134,-18.6201813,470,50.638297872340424
14,1,2,10640859.492444286,-14.56254181,725,50.62068965517241
14,1,2,10640859.492444286,-14.56254181,725,50.62068965517241
14,1,2,10640859.492444286,-14.56254181,725,50.62068965517241
14,1,2,10640859.492444286,-14.56254181,725,50.62068965517241
14,1,2,10640859.492444286,-14.56254181,725,50.62068965517241
33,1,4,9944439.788798217,-20.15422633,255,50.588235294117645
33,1,4,9944439.788798217,-20.15422633,255,50.588235294117645
33,1,4,9944439.788798217,-20.15422633,255,50.588235294117645
33,1,4,9944439.788798217,-20.15422633,255,50.588235294117645
33,1,4,9944439.788798217,-20.15422633,255,50.588235294117645
22,1,4,10823593.72575011,-13.09533435,172,50.58139534883721
22,1,4,10823593.72575011,-13.09533435,172,50.58139534883721
22,1,4,10823593.72575011,-13.09533435,172,50.58139534883721
22,1,4,10823593.72575011,-13.09533435,172,50.58139534883721
22,1,4,10823593.72575011,-13.09533435,172,50.58139534883721
47,1,2,9587271.453218369,-23.02199794,722,50.55401662049861
47,1,2,9587271.453218369,-23.02199794,722,50.55401662049861
47,1,2,9587271.453218369,-23.02199794,722,50.55401662049861
47,1,2,9587271.453218369,-23.02199794,722,50.55401662049861
47,1,2,9587271.453218369,-23.02199794,722,50.55401662049861
46,1,2,9713382.574488547,-22.00942808,717,50.4881450488145
46,1,2,9713382.574488547,-22.00942808,717,50.4881450488145
46,1,2,9713382.574488547,-22.00942808,717,50.4881450488145
46,1,2,9713382.574488547,-22.00942808,717,50.4881450488145
46,1,2,9713382.574488547,-22.00942808,717,50.4881450488145
22,1,2,10606242.506790197,-14.84048809,773,50.45278137128072
22,1,2,10606242.506790197,-14.84048809,773,50.45278137128072
22,1,2,10606242.506790197,-14.84048809,773,50.45278137128072
22,1,2,10606242.506790197,-14.84048809,773,50.45278137128072
22,1,2,10606242.506790197,-14.84048809,773,50.45278137128072
32,1,3,9592511.658284247,-22.97992335,472,50.42372881355932
32,1,3,9592511.658284247,-22.97992335,472,50.42372881355932
32,1,3,9592511.658284247,-22.97992335,472,50.42372881355932
32,1,3,9592511.658284247,-22.97992335,472,50.42372881355932
32,1,3,9592511.658284247,-22.97992335,472,50.42372881355932
20,1,2,11132591.616376411,-10.61433229,774,50.3875968992248
20,1,2,11132591.616376411,-10.61433229,774,50.3875968992248
20,1,2,11132591.616376411,-10.61433229,774,50.3875968992248
20,1,2,11132591.616376411,-10.61433229,774,50.3875968992248
20,1,2,11132591.616376411,-10.61433229,774,50.3875968992248
30,1,2,10103010.725978201,-18.88103051,776,50.38659793814433
30,1,2,10103010.725978201,-18.88103051,776,50.38659793814433
30,1,2,10103010.725978201,-18.88103051,776,50.38659793814433
30,1,2,10103010.725978201,-18.88103051,776,50.38659793814433
30,1,2,10103010.725978201,-18.88103051,776,50.38659793814433
34,1,5,11016637.744616495,-11.54534769,139,50.35971223021583
34,1,5,11016637.744616495,-11.54534769,139,50.35971223021583
34,1,5,11016637.744616495,-11.54534769,139,50.35971223021583
34,1,5,11016637.744616495,-11.54534769,139,50.35971223021583
34,1,5,11016637.744616495,-11.54534769,139,50.35971223021583
15,1,3,10368424.237416806,-16.74997561,284,50.352112676056336
15,1,3,10368424.237416806,-16.74997561,284,50.352112676056336
15,1,3,10368424.237416806,-16.74997561,284,50.352112676056336
15,1,3,10368424.237416806,-16.74997561,284,50.352112676056336
15,1,3,10368424.237416806,-16.74997561,284,50.352112676056336
44,1,2,10494208.811491853,-15.74002766,735,50.34013605442177
44,1,2,10494208.811491853,-15.74002766,735,50.34013605442177
44,1,2,10494208.811491853,-15.74002766,735,50.34013605442177
44,1,2,10494208.811491853,-15.74002766,735,50.34013605442177
44,1,2,10494208.811491853,-15.74002766,735,50.34013605442177
34,1,2,10202545.936761294,-18.08184362,739,50.3382949932341
34,1,2,10202545.936761294,-18.08184362,739,50.3382949932341
34,1,2,10202545.936761294,-18.08184362,739,50.3382949932341
34,1,2,10202545.936761294,-18.08184362,739,50.3382949932341
34,1,2,10202545.936761294,-18.08184362,739,50.3382949932341
35,1,5,10150357.85667384,-18.50087151,149,50.33557046979866
35,1,5,10150357.85667384,-18.50087151,149,50.33557046979866
35,1,5,10150357.85667384,-18.50087151,149,50.33557046979866
35,1,5,10150357.85667384,-18.50087151,149,50.33557046979866
35,1,5,10150357.85667384,-18.50087151,149,50.33557046979866
50,1,2,9226992.94067941,-25.91474174,712,50.28089887640449
50,1,2,9226992.94067941,-25.91474174,712,50.28089887640449
50,1,2,9226992.94067941,-25.91474174,712,50.28089887640449
50,1,2,9226992.94067941,-25.91474174,712,50.28089887640449
50,1,2,9226992.94067941,-25.91474174,712,50.28089887640449
35,1,2,9116035.969130205,-26.8056361,736,50.27173913043478
35,1,2,9116035.969130205,-26.8056361,736,50.27173913043478
35,1,2,9116035.969130205,-26.8056361,736,50.27173913043478
35,1,2,9116035.969130205,-26.8056361,736,50.27173913043478
35,1,2,9116035.969130205,-26.8056361,736,50.27173913043478
27,1,2,10485265.616739482,-15.81183425,778,50.257069408740364
27,1,2,10485265.616739482,-15.81183425,778,50.257069408740364
27,1,2,10485265.616739482,-15.81183425,778,50.257069408740364
27,1,2,10485265.616739482,-15.81183425,778,50.257069408740364
27,1,2,10485265.616739482,-15.81183425,778,50.257069408740364
49,1,2,9369331.609218847,-24.77187786,719,50.208623087621696
49,1,2,9369331.609218847,-24.77187786,719,50.208623087621696
49,1,2,9369331.609218847,-24.77187786,719,50.208623087621696
49,1,2,9369331.609218847,-24.77187786,719,50.208623087621696
49,1,2,9369331.609218847,-24.77187786,719,50.208623087621696
30,1,4,10018359.382270252,-19.56071204,241,50.20746887966805
30,1,4,10018359.382270252,-19.56071204,241,50.20746887966805
30,1,4,10018359.382270252,-19.56071204,241,50.20746887966805
30,1,4,10018359.382270252,-19.56071204,241,50.20746887966805
30,1,4,10018359.382270252,-19.56071204,241,50.20746887966805
29,1,2,10718140.986029431,-13.94203419,774,50.129198966408275
29,1,2,10718140.986029431,-13.94203419,774,50.129198966408275
29,1,2,10718140.986029431,-13.94203419,774,50.129198966408275
29,1,2,10718140.986029431,-13.94203419,774,50.129198966408275
29,1,2,10718140.986029431,-13.94203419,774,50.129198966408275
13,1,2,10457321.018713456,-16.03620667,717,50.0697350069735
13,1,2,10457321.018713456,-16.03620667,717,50.0697350069735
13,1,2,10457321.018713456,-16.03620667,717,50.0697350069735
13,1,2,10457321.018713456,-16.03620667,717,50.0697350069735
13,1,2,10457321.018713456,-16.03620667,717,50.0697350069735
48,1,2,9534861.135003183,-23.44281022,727,50.06877579092159
48,1,2,9534861.135003183,-23.44281022,727,50.06877579092159
48,1,2,9534861.135003183,-23.44281022,727,50.06877579092159
48,1,2,9534861.135003183,-23.44281022,727,50.06877579092159
48,1,2,9534861.135003183,-23.44281022,727,50.06877579092159
33,1,2,9081198.064048473,-27.08535617,753,50.066401062417
33,1,2,9081198.064048473,-27.08535617,753,50.066401062417
33,1,2,9081198.064048473,-27.08535617,753,50.066401062417
33,1,2,9081198.064048473,-27.08535617,753,50.066401062417
33,1,2,9081198.064048473,-27.08535617,753,50.066401062417
16,1,2,10044097.530991023,-19.35405562,757,50.06605019815059
16,1,2,10044097.530991023,-19.35405562,757,50.06605019815059
16,1,2,10044097.530991023,-19.35405562,757,50.06605019815059
16,1,2,10044097.530991023,-19.35405562,757,50.06605019815059
16,1,2,10044097.530991023,-19.35405562,757,50.06605019815059
40,1,3,9153890.72935888,-26.50169312,471,49.89384288747346
40,1,3,9153890.72935888,-26.50169312,471,49.89384288747346
40,1,3,9153890.72935888,-26.50169312,471,49.89384288747346
40,1,3,9153890.72935888,-26.50169312,471,49.89384288747346
40,1,3,9153890.72935888,-26.50169312,471,49.89384288747346
41,1,3,8832070.627958966,-29.08564712,472,49.78813559322034
41,1,3,8832070.627958966,-29.08564712,472,49.78813559322034
41,1,3,8832070.627958966,-29.08564712,472,49.78813559322034
41,1,3,8832070.627958966,-29.08564712,472,49.78813559322034
41,1,3,8832070.627958966,-29.08564712,472,49.78813559322034
29,1,4,9867663.559709076,-20.77067709,235,49.787234042553195
29,1,4,9867663.559709076,-20.77067709,235,49.787234042553195
29,1,4,9867663.559709076,-20.77067709,235,49.787234042553195
29,1,4,9867663.559709076,-20.77067709,235,49.787234042553195
29,1,4,9867663.559709076,-20.77067709,235,49.787234042553195
27,1,4,9808070.921203978,-21.24915757,225,49.77777777777778
27,1,4,9808070.921203978,-21.24915757,225,49.77777777777778
27,1,4,9808070.921203978,-21.24915757,225,49.77777777777778
27,1,4,9808070.921203978,-21.24915757,225,49.77777777777778
27,1,4,9808070.921203978,-21.24915757,225,49.77777777777778
25,1,3,9763586.739744829,-21.60632941,430,49.76744186046512
25,1,3,9763586.739744829,-21.60632941,430,49.76744186046512
25,1,3,9763586.739744829,-21.60632941,430,49.76744186046512
25,1,3,9763586.739744829,-21.60632941,430,49.76744186046512
25,1,3,9763586.739744829,-21.60632941,430,49.76744186046512
24,1,3,10032429.730919627,-19.44773857,416,49.75961538461539
24,1,3,10032429.730919627,-19.44773857,416,49.75961538461539
24,1,3,10032429.730919627,-19.44773857,416,49.75961538461539
24,1,3,10032429.730919627,-19.44773857,416,49.75961538461539
24,1,3,10032429.730919627,-19.44773857,416,49.75961538461539
45,1,3,8013308.219171113,-35.65964419,483,49.68944099378882
45,1,3,8013308.219171113,-35.65964419,483,49.68944099378882
45,1,3,8013308.219171113,-35.65964419,483,49.68944099378882
45,1,3,8013308.219171113,-35.65964419,483,49.68944099378882
45,1,3,8013308.219171113,-35.65964419,483,49.68944099378882
17,1,2,10642207.452122355,-14.55171879,767,49.67405475880052
17,1,2,10642207.452122355,-14.55171879,767,49.67405475880052
17,1,2,10642207.452122355,-14.55171879,767,49.67405475880052
17,1,2,10642207.452122355,-14.55171879,767,49.67405475880052
17,1,2,10642207.452122355,-14.55171879,767,49.67405475880052
23,1,3,9607189.388467785,-22.8620731,407,49.631449631449634
23,1,3,9607189.388467785,-22.8620731,407,49.631449631449634
23,1,3,9607189.388467785,-22.8620731,407,49.631449631449634
23,1,3,9607189.388467785,-22.8620731,407,49.631449631449634
23,1,3,9607189.388467785,-22.8620731,407,49.631449631449634
35,1,4,9763956.555174876,-21.60336009,258,49.6124031007752
35,1,4,9763956.555174876,-21.60336009,258,49.6124031007752
35,1,4,9763956.555174876,-21.60336009,258,49.6124031007752
35,1,4,9763956.555174876,-21.60336009,258,49.6124031007752
35,1,4,9763956.555174876,-21.60336009,258,49.6124031007752
44,1,3,8956487.439861838,-28.08668118,498,49.59839357429719
44,1,3,8956487.439861838,-28.08668118,498,49.59839357429719
44,1,3,8956487.439861838,-28.08668118,498,49.59839357429719
44,1,3,8956487.439861838,-28.08668118,498,49.59839357429719
44,1,3,8956487.439861838,-28.08668118,498,49.59839357429719
47,1,3,8468584.65227867,-32.00414425,486,49.58847736625515
47,1,3,8468584.65227867,-32.00414425,486,49.58847736625515
47,1,3,8468584.65227867,-32.00414425,486,49.58847736625515
47,1,3,8468584.65227867,-32.00414425,486,49.58847736625515
47,1,3,8468584.65227867,-32.00414425,486,49.58847736625515
28,1,4,9872275.725555995,-20.73364514,228,49.56140350877193
28,1,4,9872275.725555995,-20.73364514,228,49.56140350877193
28,1,4,9872275.725555995,-20.73364514,228,49.56140350877193
28,1,4,9872275.725555995,-20.73364514,228,49.56140350877193
28,1,4,9872275.725555995,-20.73364514,228,49.56140350877193
24,1,2,9405230.48246974,-24.48363906,771,49.54604409857328
24,1,2,9405230.48246974,-24.48363906,771,49.54604409857328
24,1,2,9405230.48246974,-24.48363906,771,49.54604409857328
24,1,2,9405230.48246974,-24.48363906,771,49.54604409857328
24,1,2,9405230.48246974,-24.48363906,771,49.54604409857328
16,1,3,9902129.01347056,-20.49394749,307,49.5114006514658
16,1,3,9902129.01347056,-20.49394749,307,49.5114006514658
16,1,3,9902129.01347056,-20.49394749,307,49.5114006514658
16,1,3,9902129.01347056,-20.49394749,307,49.5114006514658
16,1,3,9902129.01347056,-20.49394749,307,49.5114006514658
26,1,2,9397493.04986115,-24.54576436,778,49.48586118251928
26,1,2,9397493.04986115,-24.54576436,778,49.48586118251928
26,1,2,9397493.04986115,-24.54576436,778,49.48586118251928
26,1,2,9397493.04986115,-24.54576436,778,49.48586118251928
26,1,2,9397493.04986115,-24.54576436,778,49.48586118251928
23,1,2,9008827.7034407,-27.66643138,771,49.416342412451364
23,1,2,9008827.7034407,-27.66643138,771,49.416342412451364
23,1,2,9008827.7034407,-27.66643138,771,49.416342412451364
23,1,2,9008827.7034407,-27.66643138,771,49.416342412451364
23,1,2,9008827.7034407,-27.66643138,771,49.416342412451364
31,1,2,8861205.801654069,-28.85171534,770,49.35064935064935
31,1,2,8861205.801654069,-28.85171534,770,49.35064935064935
31,1,2,8861205.801654069,-28.85171534,770,49.35064935064935
31,1,2,8861205.801654069,-28.85171534,770,49.35064935064935
31,1,2,8861205.801654069,-28.85171534,770,49.35064935064935
25,1,2,8919671.847438272,-28.38228049,779,49.29396662387677
25,1,2,8919671.847438272,-28.38228049,779,49.29396662387677
25,1,2,8919671.847438272,-28.38228049,779,49.29396662387677
25,1,2,8919671.847438272,-28.38228049,779,49.29396662387677
25,1,2,8919671.847438272,-28.38228049,779,49.29396662387677
19,1,2,10383844.14626548,-16.62616627,759,49.275362318840585
19,1,2,10383844.14626548,-16.62616627,759,49.275362318840585
19,1,2,10383844.14626548,-16.62616627,759,49.275362318840585
19,1,2,10383844.14626548,-16.62616627,759,49.275362318840585
19,1,2,10383844.14626548,-16.62616627,759,49.275362318840585
12,1,3,10791493.765999848,-13.35307096,203,49.26108374384236
12,1,3,10791493.765999848,-13.35307096,203,49.26108374384236
12,1,3,10791493.765999848,-13.35307096,203,49.26108374384236
12,1,3,10791493.765999848,-13.35307096,203,49.26108374384236
12,1,3,10791493.765999848,-13.35307096,203,49.26108374384236
18,1,2,9866091.441923326,-20.78329992,778,49.228791773778916
18,1,2,9866091.441923326,-20.78329992,778,49.228791773778916
18,1,2,9866091.441923326,-20.78329992,778,49.228791773778916
18,1,2,9866091.441923326,-20.78329992,778,49.228791773778916
18,1,2,9866091.441923326,-20.78329992,778,49.228791773778916
21,1,3,10359079.372440044,-16.82500729,378,49.2063492063492
21,1,3,10359079.372440044,-16.82500729,378,49.2063492063492
21,1,3,10359079.372440044,-16.82500729,378,49.2063492063492
21,1,3,10359079.372440044,-16.82500729,378,49.2063492063492
21,1,3,10359079.372440044,-16.82500729,378,49.2063492063492
20,1,3,9967231.508519335,-19.97122734,368,49.184782608695656
20,1,3,9967231.508519335,-19.97122734,368,49.184782608695656
20,1,3,9967231.508519335,-19.97122734,368,49.184782608695656
20,1,3,9967231.508519335,-19.97122734,368,49.184782608695656
20,1,3,9967231.508519335,-19.97122734,368,49.184782608695656
50,1,3,7792011.704874699,-37.43647544,490,49.183673469387756
50,1,3,7792011.704874699,-37.43647544,490,49.183673469387756
50,1,3,7792011.704874699,-37.43647544,490,49.183673469387756
50,1,3,7792011.704874699,-37.43647544,490,49.183673469387756
50,1,3,7792011.704874699,-37.43647544,490,49.183673469387756
46,1,3,8269606.129571367,-33.60178015,480,49.166666666666664
46,1,3,8269606.129571367,-33.60178015,480,49.166666666666664
46,1,3,8269606.129571367,-33.60178015,480,49.166666666666664
46,1,3,8269606.129571367,-33.60178015,480,49.166666666666664
46,1,3,8269606.129571367,-33.60178015,480,49.166666666666664
48,1,3,7937613.70339796,-36.26740966,487,49.07597535934292
48,1,3,7937613.70339796,-36.26740966,487,49.07597535934292
48,1,3,7937613.70339796,-36.26740966,487,49.07597535934292
48,1,3,7937613.70339796,-36.26740966,487,49.07597535934292
48,1,3,7937613.70339796,-36.26740966,487,49.07597535934292
32,1,2,8089968.636136582,-35.04412331,756,48.94179894179894
32,1,2,8089968.636136582,-35.04412331,756,48.94179894179894
32,1,2,8089968.636136582,-35.04412331,756,48.94179894179894
32,1,2,8089968.636136582,-35.04412331,756,48.94179894179894
32,1,2,8089968.636136582,-35.04412331,756,48.94179894179894
23,1,4,9701854.76377529,-22.10198703,188,48.40425531914894
23,1,4,9701854.76377529,-22.10198703,188,48.40425531914894
23,1,4,9701854.76377529,-22.10198703,188,48.40425531914894
23,1,4,9701854.76377529,-22.10198703,188,48.40425531914894
23,1,4,9701854.76377529,-22.10198703,188,48.40425531914894
49,1,3,7814272.424554225,-37.25773994,488,48.36065573770492
49,1,3,7814272.424554225,-37.25773994,488,48.36065573770492
49,1,3,7814272.424554225,-37.25773994,488,48.36065573770492
49,1,3,7814272.424554225,-37.25773994,488,48.36065573770492
49,1,3,7814272.424554225,-37.25773994,488,48.36065573770492
19,1,3,9402076.304056106,-24.50896456,354,48.30508474576271
19,1,3,9402076.304056106,-24.50896456,354,48.30508474576271
19,1,3,9402076.304056106,-24.50896456,354,48.30508474576271
19,1,3,9402076.304056106,-24.50896456,354,48.30508474576271
19,1,3,9402076.304056106,-24.50896456,354,48.30508474576271
17,1,3,9657810.367069492,-22.45562776,337,48.07121661721068
17,1,3,9657810.367069492,-22.45562776,337,48.07121661721068
17,1,3,9657810.367069492,-22.45562776,337,48.07121661721068
17,1,3,9657810.367069492,-22.45562776,337,48.07121661721068
17,1,3,9657810.367069492,-22.45562776,337,48.07121661721068
18,1,4,10338814.049089309,-16.98772137,142,47.88732394366197
18,1,4,10338814.049089309,-16.98772137,142,47.88732394366197
18,1,4,10338814.049089309,-16.98772137,142,47.88732394366197
18,1,4,10338814.049089309,-16.98772137,142,47.88732394366197
18,1,4,10338814.049089309,-16.98772137,142,47.88732394366197
24,1,4,9170600.197474638,-26.36752966,195,47.69230769230769
24,1,4,9170600.197474638,-26.36752966,195,47.69230769230769
24,1,4,9170600.197474638,-26.36752966,195,47.69230769230769
24,1,4,9170600.197474638,-26.36752966,195,47.69230769230769
24,1,4,9170600.197474638,-26.36752966,195,47.69230769230769
26,1,4,9027876.744409582,-27.51348306,216,47.68518518518518
26,1,4,9027876.744409582,-27.51348306,216,47.68518518518518
26,1,4,9027876.744409582,-27.51348306,216,47.68518518518518
26,1,4,9027876.744409582,-27.51348306,216,47.68518518518518
26,1,4,9027876.744409582,-27.51348306,216,47.68518518518518
18,1,3,8839619.846000303,-29.02503303,344,47.093023255813954
18,1,3,8839619.846000303,-29.02503303,344,47.093023255813954
18,1,3,8839619.846000303,-29.02503303,344,47.093023255813954
18,1,3,8839619.846000303,-29.02503303,344,47.093023255813954
18,1,3,8839619.846000303,-29.02503303,344,47.093023255813954
25,1,4,9347809.838695517,-24.94468019,204,47.05882352941176
25,1,4,9347809.838695517,-24.94468019,204,47.05882352941176
25,1,4,9347809.838695517,-24.94468019,204,47.05882352941176
25,1,4,9347809.838695517,-24.94468019,204,47.05882352941176
25,1,4,9347809.838695517,-24.94468019,204,47.05882352941176
13,1,3,9366275.469645578,-24.79641617,235,46.38297872340426
13,1,3,9366275.469645578,-24.79641617,235,46.38297872340426
13,1,3,9366275.469645578,-24.79641617,235,46.38297872340426
13,1,3,9366275.469645578,-24.79641617,235,46.38297872340426
13,1,3,9366275.469645578,-24.79641617,235,46.38297872340426
8,1,4,13591144.424289228,9.125849683081766,12,75
8,1,4,13591144.424289228,9.125849683081766,12,75
8,1,4,13591144.424289228,9.125849683081766,12,75
8,1,4,13591144.424289228,9.125849683081766,12,75
8,1,4,13591144.424289228,9.125849683081766,12,75
12,1,6,12551773.202111758,0.7805430469784423,4,75
12,1,6,12551773.202111758,0.7805430469784423,4,75
12,1,6,12551773.202111758,0.7805430469784423,4,75
12,1,6,12551773.202111758,0.7805430469784423,4,75
12,1,6,12551773.202111758,0.7805430469784423,4,75
13,1,6,12553561.27517335,0.7948998212168821,4,75
13,1,6,12553561.27517335,0.7948998212168821,4,75
13,1,6,12553561.27517335,0.7948998212168821,4,75
13,1,6,12553561.27517335,0.7948998212168821,4,75
13,1,6,12553561.27517335,0.7948998212168821,4,75
15,1,6,13827002.226294253,11.019596246629773,12,75
15,1,6,13827002.226294253,11.019596246629773,12,75
15,1,6,13827002.226294253,11.019596246629773,12,75
15,1,6,13827002.226294253,11.019596246629773,12,75
15,1,6,13827002.226294253,11.019596246629773,12,75
21,1,6,14275977.628033044,14.624504021282517,32,68.75
21,1,6,14275977.628033044,14.624504021282517,32,68.75
21,1,6,14275977.628033044,14.624504021282517,32,68.75
21,1,6,14275977.628033044,14.624504021282517,32,68.75
21,1,6,14275977.628033044,14.624504021282517,32,68.75
6,1,3,12715244.304341255,2.093083210818004,20,65
6,1,3,12715244.304341255,2.093083210818004,20,65
6,1,3,12715244.304341255,2.093083210818004,20,65
6,1,3,12715244.304341255,2.093083210818004,20,65
6,1,3,12715244.304341255,2.093083210818004,20,65
16,1,5,13572571.170159925,8.976721539419497,40,62.5
16,1,5,13572571.170159925,8.976721539419497,40,62.5
16,1,5,13572571.170159925,8.976721539419497,40,62.5
16,1,5,13572571.170159925,8.976721539419497,40,62.5
16,1,5,13572571.170159925,8.976721539419497,40,62.5
10,1,5,12265837.283275066,-1.515290116,5,60
10,1,5,12265837.283275066,-1.515290116,5,60
10,1,5,12265837.283275066,-1.515290116,5,60
10,1,5,12265837.283275066,-1.515290116,5,60
10,1,5,12265837.283275066,-1.515290116,5,60
26,1,6,13674436.736259619,9.794619290120396,50,60
26,1,6,13674436.736259619,9.794619290120396,50,60
26,1,6,13674436.736259619,9.794619290120396,50,60
26,1,6,13674436.736259619,9.794619290120396,50,60
26,1,6,13674436.736259619,9.794619290120396,50,60
22,1,5,12598774.202759692,1.1579229034160377,80,53.75
22,1,5,12598774.202759692,1.1579229034160377,80,53.75
22,1,5,12598774.202759692,1.1579229034160377,80,53.75
22,1,5,12598774.202759692,1.1579229034160377,80,53.75
22,1,5,12598774.202759692,1.1579229034160377,80,53.75
42,1,4,13760278.707760414,10.483860592107742,288,53.125
42,1,4,13760278.707760414,10.483860592107742,288,53.125
42,1,4,13760278.707760414,10.483860592107742,288,53.125
42,1,4,13760278.707760414,10.483860592107742,288,53.125
42,1,4,13760278.707760414,10.483860592107742,288,53.125
31,1,4,10430598.801807247,-16.25076436,250,50.8
31,1,4,10430598.801807247,-16.25076436,250,50.8
31,1,4,10430598.801807247,-16.25076436,250,50.8
31,1,4,10430598.801807247,-16.25076436,250,50.8
31,1,4,10430598.801807247,-16.25076436,250,50.8
7,1,4,12114542.38420566,-2.73006526,2,50
7,1,4,12114542.38420566,-2.73006526,2,50
7,1,4,12114542.38420566,-2.73006526,2,50
7,1,4,12114542.38420566,-2.73006526,2,50
7,1,4,12114542.38420566,-2.73006526,2,50
22,1,3,10458824.8803358,-16.02413188,396,50
22,1,3,10458824.8803358,-16.02413188,396,50
22,1,3,10458824.8803358,-16.02413188,396,50
22,1,3,10458824.8803358,-16.02413188,396,50
22,1,3,10458824.8803358,-16.02413188,396,50
42,1,3,9479059.014202649,-23.89085593,482,50
42,1,3,9479059.014202649,-23.89085593,482,50
42,1,3,9479059.014202649,-23.89085593,482,50
42,1,3,9479059.014202649,-23.89085593,482,50
42,1,3,9479059.014202649,-23.89085593,482,50
32,1,4,9663844.031028017,-22.40718234,250,49.6
32,1,4,9663844.031028017,-22.40718234,250,49.6
32,1,4,9663844.031028017,-22.40718234,250,49.6
32,1,4,9663844.031028017,-22.40718234,250,49.6
32,1,4,9663844.031028017,-22.40718234,250,49.6
17,1,4,10836980.712429728,-12.98784772,128,49.21875
17,1,4,10836980.712429728,-12.98784772,128,49.21875
17,1,4,10836980.712429728,-12.98784772,128,49.21875
17,1,4,10836980.712429728,-12.98784772,128,49.21875
17,1,4,10836980.712429728,-12.98784772,128,49.21875
9,1,5,11754257.225439873,-5.622862426,1,0
9,1,5,11754257.225439873,-5.622862426,1,0
9,1,5,11754257.225439873,-5.622862426,1,0
9,1,5,11754257.225439873,-5.622862426,1,0
9,1,5,11754257.225439873,-5.622862426,1,0
11,1,6,11734060.98371374,-5.785021842,1,0
11,1,6,11734060.98371374,-5.785021842,1,0
11,1,6,11734060.98371374,-5.785021842,1,0
11,1,6,11734060.98371374,-5.785021842,1,0
11,1,6,11734060.98371374,-5.785021842,1,0
5,1,4,12454560,0,0,
5,1,5,12454560,0,0,
5,1,6,12454560,0,0,
5,1,4,12454560,0,0,
5,1,5,12454560,0,0,
5,1,6,12454560,0,0,
5,1,4,12454560,0,0,
5,1,5,12454560,0,0,
5,1,6,12454560,0,0,
5,1,4,12454560,0,0,
5,1,5,12454560,0,0,
5,1,6,12454560,0,0,
5,1,4,12454560,0,0,
5,1,5,12454560,0,0,
5,1,6,12454560,0,0,
6,1,4,12454560,0,0,
6,1,5,12454560,0,0,
6,1,6,12454560,0,0,
6,1,4,12454560,0,0,
6,1,5,12454560,0,0,
6,1,6,12454560,0,0,
6,1,4,12454560,0,0,
6,1,5,12454560,0,0,
6,1,6,12454560,0,0,
6,1,4,12454560,0,0,
6,1,5,12454560,0,0,
6,1,6,12454560,0,0,
6,1,4,12454560,0,0,
6,1,5,12454560,0,0,
6,1,6,12454560,0,0,
7,1,5,12454560,0,0,
7,1,6,12454560,0,0,
7,1,5,12454560,0,0,
7,1,6,12454560,0,0,
7,1,5,12454560,0,0,
7,1,6,12454560,0,0,
7,1,5,12454560,0,0,
7,1,6,12454560,0,0,
7,1,5,12454560,0,0,
7,1,6,12454560,0,0,
8,1,5,12454560,0,0,
8,1,6,12454560,0,0,
8,1,5,12454560,0,0,
8,1,6,12454560,0,0,
8,1,5,12454560,0,0,
8,1,6,12454560,0,0,
8,1,5,12454560,0,0,
8,1,6,12454560,0,0,
8,1,5,12454560,0,0,
8,1,6,12454560,0,0,
9,1,6,12454560,0,0,
9,1,6,12454560,0,0,
9,1,6,12454560,0,0,
9,1,6,12454560,0,0,
9,1,6,12454560,0,0,
10,1,6,12454560,0,0,
10,1,6,12454560,0,0,
10,1,6,12454560,0,0,
10,1,6,12454560,0,0,
10,1,6,12454560,0,0,
